{"baseline": [7.017313480377197, 6.867541313171387, 6.779759883880615, 6.7055206298828125, 6.59497594833374, 6.476603031158447, 6.362710475921631, 6.257617950439453, 6.15942907333374, 6.04425573348999, 5.941630840301514, 5.824614524841309, 5.718912124633789, 5.607590675354004, 5.49739933013916, 5.3783745765686035, 5.267312049865723, 5.140751838684082, 5.042008876800537, 4.930201530456543, 4.81212854385376, 4.716579437255859, 4.602854251861572, 4.498382091522217, 4.376020908355713, 4.280686855316162, 4.178555965423584, 4.068331241607666, 3.9788615703582764, 3.8775346279144287, 3.7734405994415283, 3.657433271408081, 3.5564639568328857, 3.4618284702301025, 3.3569231033325195, 3.254432201385498, 3.168403387069702, 3.066967248916626, 2.9807233810424805, 2.891282558441162, 2.79327130317688, 2.701612710952759, 2.6111292839050293, 2.522618293762207, 2.4320311546325684, 2.3439884185791016, 2.2583577632904053, 2.170555591583252, 2.0809690952301025, 2.0130600929260254, 1.9289491176605225, 1.8339595794677734, 1.7668498754501343, 1.6918777227401733, 1.61923348903656, 1.5639971494674683, 1.4677332639694214, 1.4093903303146362, 1.3438957929611206, 1.270073652267456, 1.216607689857483, 1.150352954864502, 1.0892221927642822, 1.0502384901046753, 0.994671106338501, 0.954124927520752, 0.8876839280128479, 0.8602351546287537, 0.8071020245552063, 0.7608107924461365, 0.7340196371078491, 0.6942559480667114, 0.662610650062561, 0.6213186979293823, 0.5943677425384521, 0.5646604895591736, 0.5282301306724548, 0.5072482824325562, 0.4786468744277954, 0.46163350343704224, 0.44034239649772644, 0.41611725091934204, 0.3961074948310852, 0.37852904200553894, 0.3591122031211853, 0.3453371226787567, 0.32780686020851135, 0.3119870126247406, 0.3022505044937134, 0.2828686833381653, 0.2706525921821594, 0.2634791135787964, 0.2563098669052124, 0.24852615594863892, 0.23444581031799316, 0.22635383903980255, 0.21904392540454865, 0.21182283759117126, 0.20428377389907837, 0.19452889263629913], "no_scheduler": [7.015440940856934, 6.870254039764404, 6.769373893737793, 6.691657066345215, 6.584275245666504, 6.458609580993652, 6.345010280609131, 6.246425151824951, 6.142200469970703, 6.021510124206543, 5.905485153198242, 5.792016983032227, 5.676344871520996, 5.572941303253174, 5.483328342437744, 5.347421169281006, 5.241353988647461, 5.1124749183654785, 4.9947662353515625, 4.904153823852539, 4.807494163513184, 4.693107604980469, 4.572282314300537, 4.463041305541992, 4.366436958312988, 4.257287502288818, 4.158708095550537, 4.060431957244873, 3.9606831073760986, 3.850691318511963, 3.761420726776123, 3.6621387004852295, 3.561781167984009, 3.4612691402435303, 3.3591747283935547, 3.2598772048950195, 3.1743617057800293, 3.0723397731781006, 2.9824440479278564, 2.878171443939209, 2.774000644683838, 2.693251371383667, 2.600939989089966, 2.5153603553771973, 2.4450602531433105, 2.3515050411224365, 2.2600889205932617, 2.1646957397460938, 2.085339069366455, 1.9933677911758423, 1.9030221700668335, 1.832617998123169, 1.7623854875564575, 1.6668002605438232, 1.6096402406692505, 1.53313148021698, 1.4662187099456787, 1.4121341705322266, 1.3338841199874878, 1.2704975605010986, 1.2080745697021484, 1.1523747444152832, 1.094696044921875, 1.0365440845489502, 0.9955875873565674, 0.9449617862701416, 0.8838505148887634, 0.848021388053894, 0.8048726916313171, 0.753205418586731, 0.7143424153327942, 0.6935555338859558, 0.6539962887763977, 0.6132413148880005, 0.5854235291481018, 0.5613251328468323, 0.5261921882629395, 0.510249137878418, 0.4741712212562561, 0.4519954323768616, 0.4324391484260559, 0.4150813817977905, 0.3870306611061096, 0.36738353967666626, 0.3558555543422699, 0.337458074092865, 0.32945239543914795, 0.31652897596359253, 0.30168142914772034, 0.2853122651576996, 0.2748744487762451, 0.25831833481788635, 0.2580054998397827, 0.2455168217420578, 0.23405346274375916, 0.2241479903459549, 0.211019366979599, 0.2051417976617813, 0.1973385214805603, 0.1924709975719452], "no_grad_clip": [7.008782863616943, 6.847412586212158, 6.762942790985107, 6.668359279632568, 6.556535243988037, 6.448899269104004, 6.325555324554443, 6.235958576202393, 6.116738319396973, 6.019639492034912, 5.903482437133789, 5.78159761428833, 5.684200763702393, 5.550941467285156, 5.441610336303711, 5.334505081176758, 5.2277631759643555, 5.088897228240967, 5.01445198059082, 4.895828723907471, 4.769740581512451, 4.673800468444824, 4.560020446777344, 4.4679436683654785, 4.3460798263549805, 4.262246131896973, 4.1433820724487305, 4.043442726135254, 3.9510104656219482, 3.8344814777374268, 3.7357125282287598, 3.6452202796936035, 3.5563926696777344, 3.422255277633667, 3.345832586288452, 3.2537081241607666, 3.140047550201416, 3.056581735610962, 2.9591989517211914, 2.8621609210968018, 2.756044864654541, 2.6779065132141113, 2.5820233821868896, 2.4904849529266357, 2.4049341678619385, 2.3353240489959717, 2.2247238159179688, 2.154719591140747, 2.0650274753570557, 1.9863885641098022, 1.9071283340454102, 1.8313648700714111, 1.7407170534133911, 1.6711013317108154, 1.6040256023406982, 1.543163537979126, 1.4629250764846802, 1.3972035646438599, 1.338803768157959, 1.2678898572921753, 1.2124136686325073, 1.1520110368728638, 1.0924429893493652, 1.0493574142456055, 0.988695502281189, 0.9397213459014893, 0.8972561359405518, 0.8553783893585205, 0.8077892661094666, 0.7660823464393616, 0.7242620587348938, 0.6975651383399963, 0.6558057069778442, 0.623081386089325, 0.5833975076675415, 0.5656101703643799, 0.5314787030220032, 0.5076377391815186, 0.47102925181388855, 0.45248323678970337, 0.4320017099380493, 0.4155749976634979, 0.3949108421802521, 0.3736284673213959, 0.3645690679550171, 0.33979731798171997, 0.3272596001625061, 0.31134915351867676, 0.29785770177841187, 0.2881213128566742, 0.27339473366737366, 0.26090824604034424, 0.251491904258728, 0.24159064888954163, 0.23298600316047668, 0.22463493049144745, 0.20956194400787354, 0.20760072767734528, 0.2013734132051468, 0.19073069095611572], "high_dropout": [7.02747917175293, 6.931866645812988, 6.891900062561035, 6.828080177307129, 6.7693257331848145, 6.735493183135986, 6.68727445602417, 6.648562908172607, 6.603649139404297, 6.557277679443359, 6.485896110534668, 6.434032440185547, 6.385819911956787, 6.344738483428955, 6.300992965698242, 6.235282897949219, 6.196171283721924, 6.134645938873291, 6.083622455596924, 6.0533366203308105, 5.984027862548828, 5.9519853591918945, 5.889420509338379, 5.838715076446533, 5.771334648132324, 5.727231979370117, 5.686697959899902, 5.61386775970459, 5.567396640777588, 5.520849227905273, 5.470524787902832, 5.416923522949219, 5.33954381942749, 5.304617881774902, 5.245890140533447, 5.175750255584717, 5.11745023727417, 5.059035778045654, 4.995113849639893, 4.950041770935059, 4.891636371612549, 4.849997520446777, 4.776477336883545, 4.717611789703369, 4.662853717803955, 4.590610027313232, 4.537627696990967, 4.474137306213379, 4.40062141418457, 4.358077049255371, 4.2920098304748535, 4.241966724395752, 4.185907363891602, 4.125330448150635, 4.062897205352783, 4.003708839416504, 3.9638867378234863, 3.885310411453247, 3.8468430042266846, 3.778123378753662, 3.7219460010528564, 3.6606361865997314, 3.593763828277588, 3.524813652038574, 3.4834542274475098, 3.4254636764526367, 3.3681085109710693, 3.302475690841675, 3.2313642501831055, 3.183671712875366, 3.1015799045562744, 3.0625195503234863, 3.007216453552246, 2.920736312866211, 2.883939504623413, 2.822305917739868, 2.7461180686950684, 2.695482015609741, 2.6506502628326416, 2.607394218444824, 2.542717456817627, 2.4937798976898193, 2.438676357269287, 2.3901419639587402, 2.304274082183838, 2.280642032623291, 2.2246124744415283, 2.1496927738189697, 2.105512857437134, 2.074796438217163, 2.0411956310272217, 1.9732921123504639, 1.8890526294708252, 1.9026590585708618, 1.8275959491729736, 1.7883007526397705, 1.7507694959640503, 1.6979124546051025, 1.6424609422683716, 1.612209439277649],